{
  "ConnectionStrings": {
    "BranchServer": "Data Source=.;Database=RmsBranchSrv; uid=sa; pwd=P@ssw0rd;TrustServerCertificate=True;"
  },
  "KestrelPort": 5100,
  "MediaSettings": {
    "SavedFilesDirectoryPath": "SavedFiles"
  },
  "Serilog": {
    "MinimumLevel": {
      "Default": "Error",
      "Override": {
        "Default": "Error",
        "Microsoft": "Error",
        "System": "Error",
        "Microsoft.Hosting.Lifetime": "Error",
        "Microsoft.EntityFrameworkCore": "Error"
      }
    },
    "WriteTo": [
      {
        "Name": "Console"
      },
      {
        "Name": "File",
        "Args": {
          "path": "C:\\ProgramData\\Logs\\Branch\\BranchLogs\\log-WebApi.txt",
          "rollingInterval": "Day",
          "rollOnFileSizeLimit": true,
          "fileSizeLimitBytes": 10000000
        }
      }
    ],
    "Enrich": [
      "FromLogContext",
      "WithMachineName"
    ],
    "Properties": {
      "Application": "Branch WebApi Service"
    }
  },
  "LogInfo": {
    "LogPath": "C:\\ProgramData\\Logs\\Branch\\BranchLogs",
    "StartLoggingBgInMinutes": 1500,
    "PathToSaveTheReceivedLogs": "C:\\ProgramData\\Logs\\Branch\\ReceivedCashierLogs"
  },
  "PasswordPolicy": {
    "RequireDigit": false,
    "RequiredLength": 6,
    "RequireNonAlphanumeric": false,
    "RequireUppercase": false,
    "RequireLowercase": false
  },
  "AuthorizationEnvironmentVariablesKeys": {
    "TokenSigningKey": "RMSAuth:TokenSigningKey",
    "TokenIssuer": "RMSAuth:TokenIssuer"
  },
  "BranchSettings": {
    "BranchCode": "P001",
    "MainBaseUrl": "http://10.10.10.181:8080/RmsMainServerApi/",
    "BranchVatNumber": "DUMMY_BranchVatNumber",
    "UpdatesFolder": "Branch\\Update Files",
    "MainServerBranchId": 1,
    "EnableCrossBranchesReturn": false,
    "EnableReturnableItems": true,
    "BranchAbbreviation": "P",
    "BatchAbbreviation": "DMP",
    "DefaultStorageLocation": "0001",
    "InstallationGuid": "198661c2-ed5a-48f9-86ab-13374cf424c3"
  },
  "BuildNumber": "3.7.27",
  "Ecommerceconfiguration": {
    "EcommerceMainBaseUrl": "http://37.224.37.138:8080/RmsMainServerApi/",
    "EcommerceMainBranchServerQueueSettings": {
      "Host": "37.224.37.138",
      "Port": 5672,
      "UserName": "guest",
      "Password": "guest",
      "BaseUrl": "rabbitmq://37.224.37.138:5672/"
    }
  },
  "UploadReturnInvoice": "Media\\ReturnedInvoice",
  "UserIncentives": {
    "SendUserIncentives": "api/Incentives/SendUserIncentivesFromBranch",
    "SendIncentiveBGServiceTime": 2
  },
  "BackGroundServiceConfigure": {
    "SendNormalInvoicesToMainTimeInMinutes": 2,
    "SendCashierShiftsToMainTimeInMinutes": 2,
    "SendReturnInvoicesToMainTimeInMinutes": 120,
    "SendCustomerServiceShiftsToMainTimeInMinutes": 120,
    "MarkMeOnlineTimeInMinutes": 5,
    "CheckForNewVersions": 5,
    "UpdateBranchFromServerInMinutes": 2,
    "UpdateBranchFromServerForEcommerceInMinutes": 1,
    "UpdateBranchFileFromServerInMinutes": 5,
    "UpdateBranchFromServerServiceForEcommerceJobInSeconds": 300,
    "EnableUploadLogFiles": true
  },
  "ApiKeyAuthentication": {
    "ApiHeaderName": "X-Api-Key",
    "ApiKey": "EA5FFE76-D84F-4F61-8815-B29C80DF8B2D"
  },
  "IsMaksab": true,
  "LowLevelTransferPageSize": 500,
  "AttachmentPath": "C:\\ProgramData\\DBS\\POS\\Assets\\Branch\\",
  "InvoiceAttachment": {
    "SaveInvoiceAttachment": "api/InvoiceAttachment/SaveAttachment",
    "SaveAuditedInvoicesAttachment": "api/InvoiceAttachment/SaveAuditedInvoicesAttachment"
  }
}