{
  "GrpcServer": {
    "MachineName": "1",
    "BranchCode": "P001",
    "BranchName": "United Pharmacy 1",
    "BranchBaseUrl": "http://localhost:5100/",
    "gRPCCashierServiceUrl": "http://localhost:5115/",
    "IsTaxIncluded": false,
    "Url": "http://localhost:5117",
    "BarcodeParsingMethodology": "GS1",
    "MultipleSellersForOneShift": false,
    "HideColorPalette": false,
    "DefaultPrimaryTheme": "",
    "DefaultAccentTheme": "",
    "LoadInvoiceReportFromFile": false,
    "WasfatyUrl": "http://10.10.10.181/Integration_Staging/Wasfaty_Staging/"
  },
  "Settings": {
    "SecondDisplayLogoUrl": "images/oscar_logo_colored.svg",
    "EnableFloatNumPad": false,
    "HideTitleBar": false,
    "TheClient": "UPC",
    "BuildNumber": "3.7.27",
    "InstaShopCustomerNumber": null,
    "TalabatCustomerNumber": null,
    "ChefaaCustomerNumber": null,
    "NearToExpiryCheckDays": 60,
    "DefaultLanguage": "EN",
    "DownloadUpdateFileName": "RMS_Plus_ReleaseRepo"
  },
  "DuplicateCashClearanceReceipt": true
}