{
  "ConnectionStrings": {
    "RmsPos": "Data Source=.;Database=RmsCashierSrv; uid=sa; pwd=P@ssw0rd;TrustServerCertificate=True;"
  },
  "GrpcServiceKestrelPorts": {
    "Http1": 5115,
    "Http2": 5117
  },
  "Authorization": {
    "TokenSigningKey": "SigningKey@RM$$P0$@2022",
    "TokenIssuer": "RmsPosService",
    "EnableAuthEvents": true,
    "TokensLifetimeInSeconds": 36000
  },
  "MediaSettings": {
    "SavedFilesDirectoryPath": "SavedFiles"
  },
  "Serilog": {
    "MinimumLevel": {
      "Default": "Error",
      "Override": {
        "Default": "Error",
        "Microsoft": "Error",
        "System": "Error",
        "Microsoft.Hosting.Lifetime": "Error",
        "Microsoft.EntityFrameworkCore": "Error"
      }
    },
    "WriteTo": [
      {
        "Name": "Console"
      },
      {
        "Name": "File",
        "Args": {
          "path": "C:\\ProgramData\\Logs\\Cashier\\log-gRPC.txt",
          "rollingInterval": "Day",
          "rollOnFileSizeLimit": true,
          "fileSizeLimitBytes": 10000000
        }
      }
    ],
    "Enrich": [
      "FromLogContext",
      "WithMachineName"
    ],
    "Properties": {
      "Application": "Cashier gRPC Service"
    }
  },
  "PosBasicInfoSettings": {
    "MachineNo": "1",
    "MachineName": "Pos001-01",
    "BranchCode": "P001",
    "BranchName": "United Pharmacy 1",
    "BranchInvoicePrefix": "P001",
    "BranchBaseUrl": "http://localhost:5100/",
    "MainServerBaseUrl": "http://10.10.10.181:8080/RmsMainServerApi/",
    "ReturnInvoiceDurationInDays": 14,
    "UpdatesFolder": "Cashier\\Update Files",
    "MainServerPosId": 1,
    "MainServerBranchId": 1
  },
  "SendShiftInvoiceToBranchService": {
    "SendOpenShiftEndpoint": "/api/cashier-shifts/receive-open-shift",
    "SendCloseShiftEndpoint": "/api/cashier-shifts/receive-close-shift",
    "SendAddInvoiceEndpoint": "/api/normal-invoices/receive-normal-invoice",
    "SendConsumerEndpoint": "/api/Consumer/ReceiveConsumer",
    "GetConsumerCodeEndpoint": "/api/Consumer/GetConsumerCode",
    "UpdateConsumerEndpoint": "/api/Consumer/UpdateConsumer"
  },
  "ItemBarcodeConfig": {
    "ControlSegmentLength": 2,
    "UniqueSegmentLength": 5,
    "WtQtyPrSegmentLength": 5,
    "WtItemPrefixCode": 20,
    "QtyItemPrefixCode": 21
  },
  "BackGroundServiceConfigure": {
    "SendInvoicesToBranchTimeInMinutes": 2,
    "SendShiftsToBranchTimeInMinutes": 2,
    "CheckForNewVersions": "5",
    "CalculateCurrentItemPriceTimeInMinutes": 1440,
    "EnableCalculateCurrentItemPrice": false,
    "UpdatePosFromBranchInMinutes": 2
  },
  "SapConfigurations": {
    "Plant": "P001",
    "ExclusiveCardDiscountVisaCondTypeCode": "ZP30",
    "MaterialBatchCondTypeCode": "ZP02"
  },
  "ItemMatGenericConfigurations": {
    "NoPriceBand": "00",
    "NonMedical": "01",
    "Generic": "02",
    "Brand": "03"
  },
  "Courier": {
    "GetAllCourier": "api/Courier/GetAllCouriers?searchKey={searchKey}"
  },
  "InvoiceAttachment": {
    "SaveInvoiceAttachment": "api/InvoiceAttachment/SaveAttachment",
    "SaveAuditedInvoicesAttachment": "api/InvoiceAttachment/SaveAuditedInvoicesAttachment"
  },
  "EnableInitialScripts": false,
  "AcceptBonusByWithPriceCut": false,
  "VouchersIntegration": {
    "ValidateVoucherEndpoint": "/api/vouchers/validate-voucher",
    "ValidateCouponEndpoint": "/api/coupons/validate-coupon",
    "UseVoucherEndpoint": "/api/vouchers/use-voucher"
  },
  "MatGroupClinicService": "ZRS1",
  "MatGroupCoupon": "COUP",
  "MatGroupVoucher": "PTVO",
  "MatGroupPoints": "POINTS",
  "AlRajhiBank": "AlRajhi",
  "AttachmentPath": "C:\\ProgramData\\DBS\\POS\\Assets\\",
  "DownloadedAttachmentPath": "C:\\ProgramData\\DBS\\POS\\Download\\",
  "MedicineMaterialGroup": "MDCN",
  "DataSeedConfigurations": {
    "EnableDataSeed": false,
    "LocalizationExelFilePath": "SeedData/Initial_Data/LocalizationsData.xlsx"
  },
  "EcommerceCreditCustomersConfig": {
    "TamaraName": "tamara",
    "TabbyName": "tabby",
    "TabbyCustomerNumber": "0002000142"
  },
  "Reports": {
    "ReportsExcelPath": "Media"
  },
  "InstashopCashCustomerCode": "0001000100",
  "InstashopCreditCustomerCode": "0001000101",
  "TalabatCashCustomerCode": "0002000200",
  "TalabatCreditCustomerCode": "0002000201",
  "PSPCustomerCode": "00030000300",
  "EnableCreateHeavyTest": false,
  "UserIncentive": {
    "GetUserIncentive": "api/Incentives/GetUserIncentives",
    "ExportUserIncentiveToExcelFile": "api/Incentives/ExportUserIncentiveToExcelFile"
  },
  "BuildNumber": "3.7.27",
  "ApiKeyAuthentication": {
    "ApiHeaderName": "X-Api-Key",
    "ApiKey": "EA5FFE76-D84F-4F61-8815-B29C80DF8B2D"
  },
  "WaseelApiKeyAuthentication": {
    "ApiHeaderName": "X-Api-Key",
    "ApiKey": "M9Fjci61uD8yVoI0Kxo2g8GLpPgpyGSWyAIutJ1bYsnL9njB8QwU2SjPmWZn57QNpLsMfvDgAwbZtd6ZijOcjK3OOZhfkH4zKJ5YcGY8rCPbsvF1KWsq7ajvXurENrnI"
  },
  "EncryptionKey": "770A8A65DA156D24EE2A093277530142",
  "EncryptionIV": "MTIzNDU2Nzg5MDEyMzQ1Ng==",
  "VersionsConfiguration": {
    "VersionsToCheck": [
      "DISCOUNT",
      "BONOUS",
      "SAP_TABLES"
    ],
    "DisountTables": [
      {
        "TableName": "CrossSellingGroups"
      },
      {
        "TableName": "AlternativeGroups"
      },
      {
        "TableName": "Versions"
      }
    ],
    "BonousByTables": [
      {
        "TableName": "CrossSellingGroups"
      },
      {
        "TableName": "AlternativeGroups"
      },
      {
        "TableName": "Versions"
      }
    ]
  }
}